1,2,3,4,5,6,7,8,9,10,11,12,13,14,15,label
34.398774927313845,37.89621889213488,14.439248251894384,10.009545410521469,6.104986090428887,3.6515710031651367,45.88314893406359,127.64446246540632,21.834585109970927,76.43222085217543,102.94946820397884,36.36707991571006,56.20366474556764,126.16820336782216,32.887070452509214,1
37.02860641137951,31.03063284170265,10.71103450377485,10.185834491191878,7.18988638061172,5.182923535184126,38.59839338509944,136.26448050384246,30.051242818108136,58.33093945573264,122.98449739450776,46.29182450324862,54.04368412544153,131.065165171261,43.60559936076626,1
31.429978597210685,28.464039850091908,10.55983548824151,7.520780707140874,6.057913735728347,4.101314330180586,32.78762078454024,142.00251941294124,22.120595404701632,50.4840414369389,130.28875875745612,36.2087004462698,43.83416136278206,140.50040653169455,34.02936149108225,1
26.88031383004704,22.017569611859567,24.62411358027988,7.711364235796015,3.098006885935056,5.755303162040753,27.655015154295818,147.6613162316458,20.411616414121035,39.1960392836298,142.79009592086052,38.40655944122064,31.092470685719253,152.49406331814586,28.33487370472583,1
21.05914108252629,39.62694777783695,90.70221329093634,6.315935588361458,0.9948608955069108,5.4377896436147966,25.89331125731133,144.49305512529833,13.390965378257548,33.84324898207951,144.46908407359095,24.91702274240841,24.04737061299268,154.78995482838795,22.80006254209287,1
20.61265235666449,28.73817203783741,55.30654547366178,7.168139172680439,1.2421795500673904,3.988812920477355,19.95369694407666,149.75618705947187,7.05519294428637,17.374768820813152,160.01331927334175,8.517635151153232,17.868946601145094,155.75976646424064,11.04705072431029,1
30.89460641125294,48.318834127499066,86.4227312083396,12.32770158867476,3.1039958010825504,6.911620619117013,53.603734488791545,119.1592090945944,35.77383882435237,76.44973233041432,102.03221779617708,66.99779697927826,70.98327977545436,113.25371642535012,51.75300952703832,1
28.525793111749145,40.47078087489493,68.50236114073284,6.324276242980695,2.5078202696579712,5.302649169586382,25.78314251506631,143.85523204186188,12.497440808006075,33.86106453182596,142.50772867396796,19.729476485722824,26.1524643126644,153.17666482901856,18.05591645860208,1
18.330238926060364,25.6676312108514,34.38884709258553,21.82954894877187,8.49216816493826,5.994013426155314,73.9979000483515,104.33874773367896,40.48998445219193,72.86860651664797,106.7187840453402,41.53865954106235,63.10564425577252,108.68622404288077,31.04315388265761,1
20.36779584192485,18.43286839977361,52.56154040942348,11.69187970995714,1.895396986500249,2.2895985684261646,37.48401608100164,131.74952242715486,16.890117380261596,35.65177116061848,117.54892068661997,21.78054839486507,40.17899103993226,108.39915182313892,15.229803248309295,1
22.05014847942778,18.421812179091084,36.33301107477044,8.984209899375097,2.871091494935776,2.100750739538993,22.155180724561315,136.3081251079272,13.55628247301771,46.89527136429927,109.76396597242923,21.607783491679704,50.52574452459228,96.69554679108803,21.02045388888745,1
20.650846055499706,22.66846602189835,48.710869332340586,9.39332705750846,0.0787937833334227,1.7956829792298443,13.550994554450746,155.42838675169733,13.112932271586653,20.563870799902755,133.48745487212986,24.70739694066312,36.34342437700031,130.06831335677637,18.538022103972047,1
19.33430498954936,28.634941037733103,58.83748517813191,21.1458891407583,4.434475769629787,4.424202768928426,51.20212416717568,126.5855950079494,31.61757467522664,43.20274905570122,132.4823357711408,24.545431769378165,38.70938719516073,128.9532213595663,18.9399154989726,1
20.34563424726822,8.610951623013,25.40978304815556,28.44338027099327,6.857786865909259,3.471279401253628,67.46183226768439,105.02766603218308,30.41680700636986,71.00799608024985,107.4660555239218,32.68143885594876,64.28233425099499,102.42381987293638,33.939342750242425,1
14.329701267450554,14.488098528729454,91.8817130356948,19.438559450469413,6.73920533478121,7.93855122167747,53.47954957526253,123.7252309548981,29.4352930758792,55.65918594505323,128.25679923255876,48.11463071809037,51.85374585710407,129.56386635680815,37.34834327521179,1
23.07321472201424,35.598299354930894,60.32852823069641,5.960017648245628,1.864687561934846,4.412958421658949,16.621457988129908,156.17868229442095,8.89843885376133,20.748943144382405,157.66883626627177,13.617231487654914,23.22870596584673,155.5234274710595,18.32811750427088,1
45.96315326504572,56.6833950561586,36.83514930759485,11.551741522446497,2.4832523112153826,6.005450584614666,26.666009114541,141.53810388392336,11.210123379947786,28.171311794009053,148.85889452781524,15.363270733877137,25.422729606700923,153.76389651052207,16.79044134420676,1
68.73429297572962,48.15877286724108,35.4086364120332,17.0168236635692,4.189729439284929,3.731330420092062,30.35512960623346,142.38431770317916,10.21573547488829,28.220332860318987,151.5560826978206,12.17980544271846,23.99640300982495,155.93079877998795,12.03879958970384,1
68.85511451343422,52.4021981453544,13.428340526321914,28.8762717122888,4.389735402118796,2.3453677898597944,36.87628673119111,142.9312424072685,15.207004883749692,28.06195627061776,152.71850316533957,14.525782496878032,25.07777570539252,156.89296975101644,17.55610107771071,1
43.96010106623143,50.28385950745305,35.831537067824854,13.631363960580073,3.095670959541475,5.930114279341303,46.07392228251575,125.97031257525327,27.05856195359717,58.72563339006223,122.21416511474013,32.72893785399914,58.09318334241385,126.60613437256428,29.5240509563682,1
52.82168173239913,40.87943158657353,13.364263351217314,8.784140686354831,3.751192989713932,3.3957694079178617,10.929565808248917,2.620192280767693,6.377365048603002,36.515620881426806,134.24882578959546,15.657560525432208,40.9018378255628,134.73364937744742,16.525457366601838,2
34.09752209121898,30.94888855478285,24.453684336156066,12.421376262080711,1.5080476460706609,7.013292929520383,9.694815589025366,4.054201711834812,7.200224968590745,52.07769457001466,121.9028830009782,15.944231475520676,56.02151935350405,118.786969956925,14.388041318391704,2
23.93588685362538,12.081156073746754,33.58923763895808,17.063688879075524,2.16294264510679,7.065571932933571,18.02222573535661,6.496919989452176,7.462821713080624,87.29763026136058,86.67149132858205,20.0356972928115,93.21057668620904,79.3675871361924,18.493993770959293,2
55.11034019278427,35.78909208617452,17.3166032214841,6.075252692289184,5.508109969390917,1.6403516324477654,12.784829478479132,8.464188164106904,5.419782955862608,29.92965279118002,141.56632244978044,15.65609299176492,43.856343135617415,132.4631572662643,17.17147161923449,2
40.1121567577968,23.08834293493748,30.51500478751857,11.624009925990402,2.789382600747772,0.7302279132735612,12.10628613187644,1.4258753807047375,5.103467742653782,23.59362778806716,145.6123261890692,15.320632026455396,33.489524256337745,132.1271036554683,19.776523576480365,2
41.53438133350844,25.994491258660634,24.330814784225662,6.858699015012969,0.8320214907622205,2.52486152795381,12.07234164888441,1.0873164017335983,5.301771393699306,23.86042634745945,146.9506281594612,14.763507711492316,34.352762087816075,139.17029011291248,16.357896838579446,2
54.81183695863373,37.35004072855847,14.349077091784688,11.20208834038136,0.6443739596242032,4.582238731598218,14.050688026306691,0.5482749175566147,6.904541790822877,38.0799859675233,132.33233665921935,15.43725648947398,39.39589305809047,134.9912846644528,13.18187937999568,2
43.019139603233846,37.3011731124453,18.861754967816832,11.456038084205844,0.2707774982987003,5.202180515410318,10.5284341252413,0.4363055910035707,7.28781511365952,44.96855469117803,123.58552021122792,15.917318720212748,49.32680731991319,124.76472400074732,15.372734393108727,2
31.702763976363062,32.793936213383006,24.652833716260897,14.386421986403247,2.118823913369836,7.537921553660665,9.649029083246974,1.7033562297943723,7.85877247995427,57.08881204716875,113.2436764858914,16.048875554088912,64.01259685646635,110.19380477269354,14.071698254636564,2
28.840581145666214,30.63486513497454,31.191976756423426,13.936632225024235,0.509329745288607,7.260191952775126,10.29984737442846,2.224299063593608,8.220255838040432,63.87082225812656,106.4376166029606,16.949921651746138,70.63313866244368,102.72849688876802,14.482580267456576,2
54.92962168889986,31.569861643872763,12.268964188765546,7.901073789862437,5.53170368008526,3.6267624312279727,12.676379169774096,6.922188203342026,4.811661992860777,30.663416748063888,137.71557521502288,12.91967595127882,22.20214978743042,152.27379651181613,9.30974947302922,2
40.45763300646699,83.89660476008522,6.269675608994663,12.902738019834336,1.404149195144038,5.144708731677658,18.332320960470767,5.928167367065475,10.02443144262544,52.91641987946055,109.3110863261535,24.41027798288544,44.30130768848248,121.65082737994344,18.2215650649221,2
52.81269881387205,49.28858509359862,9.001079201075596,36.66607285871509,17.503787221735504,7.069266064810646,36.613790034037706,5.465026519032461,1.707569428955031,39.07265474230768,138.17080894298758,22.162622590816987,31.23064385310804,126.55875029471284,16.626371224966714,2
23.904461852419114,48.38618647803947,44.96563945292198,8.234072832520454,8.825494976353845,3.944943633077053,18.55918571139924,1.6272938090688442,4.242868634665073,38.18627401656173,119.38535154739192,12.186454217645975,60.581253146164045,87.29780066750298,10.191602793303476,2
15.80053579993132,28.846403338698604,48.53956512428448,1.3318543639374507,4.096834401661831,0.6298227570334286,10.17642518105148,3.3712191954102204,7.917860874962674,21.51821131939924,112.09856757402348,19.57510493505384,37.13532741072276,94.72041316061026,19.15611004036641,2
19.60352166260371,28.66214631990041,46.973238287880925,13.477160019021522,7.285999611406654,1.624788723222865,17.635439817742267,0.4805087922163722,3.983910720789457,27.853876030516297,129.29882527316715,14.977061072605208,41.97064947284937,105.8099119747013,12.015370842336656,2
17.422213700608847,28.87014201883812,41.56090575015862,21.81303590768314,1.106334655576397,4.248747842189466,23.24080624485396,1.181290640070616,3.6355451415039326,70.7782701385514,105.74016160095198,24.97600278832456,84.44254971571135,86.96749834522261,29.22753193497125,2
17.17612259014537,20.471177133780184,50.06046126149814,17.70592585554232,0.9518108921996784,8.818140999499283,12.300355135353286,2.705590774558746,9.371290814072712,80.85447007626874,91.80698223027711,19.323621785866475,93.35652103143502,83.01880947947458,18.55486573842525,2
34.117992828755675,32.349397980960696,20.505849119947445,9.392718506094289,1.274372612948979,5.117745070871927,8.542156709059286,0.9320797673847728,6.708921434199563,34.087944305929305,134.77790025608417,15.0842935847718,39.34397668910599,132.76065081906967,15.084553672811682,2
37.24897773799764,25.477113743971447,30.6171567605714,8.03413211874961,1.358853552185131,1.6943487652763174,9.949330586799508,1.2294606339879874,4.092578387397724,23.81595302572073,141.90781478956902,16.64083622330416,34.504969246446485,126.417368235136,22.147162879991864,2
65.20416730661034,54.51457667757376,5.818798688757821,14.260416537271857,4.916701658615476,12.19536379042057,5.086518509881915,6.391660972004325,5.5223046447601005,12.727274956453808,4.830328641820727,6.357945046719936,52.75726974448896,107.6491443838718,8.695614545177454,3
45.36850896062943,64.61404289909521,35.1531963856942,9.881977044968476,1.7858083231668975,3.916205551711349,5.262594672477634,2.18851056452326,5.189612912293426,9.537415746403084,6.1342732053620574,7.807826887107089,29.7783846311276,146.75209281381612,5.115020694684259,3
49.29290289546217,40.95034918897114,13.865352648659927,16.134811936586985,1.5486422804271078,10.07754496964671,11.48164153728194,3.922432606085104,7.811279253054763,14.931613641367926,3.2103549510377896,8.747479226638527,61.61597011188862,115.59005651812652,9.200442361997816,3
41.35474566891504,53.98921068469562,37.409848736047095,14.56918845527266,5.0430140712909095,10.378024044566995,7.99095467793235,3.8883676453200784,7.200719613073015,13.80661175079276,1.6361241314877806,9.566937674028678,49.63329413715128,125.34989707012885,12.834909174616143,3
21.41439483135202,53.430145965962815,21.9284481195161,19.24098825025997,9.08736761849655,11.144183100557862,19.31895953713461,7.547578111278912,11.8131017224817,22.17460826615424,13.45623587059236,10.39705314010306,31.050183638559545,112.74917095495088,20.18015621365204,3
23.320997195907143,54.928345752485306,12.914819400370185,26.84363359995513,3.954774388305247,12.40941773198429,23.152120524217384,4.675550199667642,14.492023143050483,34.439706337953375,9.565963962388857,29.42872029595672,31.211650444255586,146.69037554959058,33.98677478146284,3
16.81990175247126,27.17959087350918,24.83236717729074,5.61331819409091,5.711768547701295,3.999724412348274,10.739847756021089,3.922321698752093,2.673412045604345,9.783819595811153,5.322279054724519,12.629262941118492,30.55515083229534,86.30667719958372,39.089679016935904,3
31.904696414141725,20.82274611413084,36.90703650679274,9.992549615834552,7.465880122134451,5.048747539218189,8.56174996660697,1.1648483046594789,3.8020868686347775,12.752634149768497,3.644943605952288,5.5598635425665455,42.91065959372446,130.72889365864887,9.03739771088658,3
37.53243686417374,31.56267989423158,52.08218194501978,1.2375792609494858,2.3702527459281058,2.8629631226084347,1.8674976296953103,6.339719529011787,1.7870151257321008,8.223381866365509,10.534606304680263,4.796339267938951,25.655737972675137,137.80673393110362,17.62355259538361,3
21.50645241382093,38.48237420900232,79.89282514135873,5.691497493484532,0.477482244533531,1.9463064887589328,2.5437044531364377,4.441286033067797,2.6165289350755865,8.292401188987187,4.3180083148027215,7.507009661032537,25.054837540846265,146.73431301137123,12.07467820457238,3
26.945772792019014,39.06584944962167,65.5189738978773,3.7953270690399874,3.274655261064137,1.1692749029334348,0.084227451678628,3.965241744434839,3.081553646225588,7.966341699320735,5.147140952547591,7.3001599746906,19.60112751025837,150.38196339498165,13.85839795081882,3
27.803986636686624,41.58125036908002,56.88046352498831,5.578876795587097,2.3147670532424254,3.2857425456266864,2.8833607442718305,5.73436949004862,2.3956710326743744,6.90165971781594,4.163162066526742,5.800731736497056,32.733371148078035,137.45148742135544,7.013611519485748,3
16.33597462426174,30.073773076322887,82.60545987784873,8.37027718484321,3.20017378650341,6.395523625320172,5.812703799211771,7.889895065259696,5.712029304907099,12.355708804360752,3.761201602136144,11.289676328982704,24.15704835488539,135.13935303679756,25.97110870254167,3
19.451199086362283,31.767097801135364,83.97976845188663,10.93006214659365,1.9968473538168,6.497785336181574,12.357396647448285,11.284861656872677,6.055225581869784,15.581334671904091,9.43301512456542,11.46169993744524,26.484785243954075,125.520803427725,28.24042083570393,3
28.791274964720664,66.85134565282524,20.85532681689438,12.32120203397476,5.966635823036518,4.994411998825352,13.334534724078742,6.266640518580486,5.140342954193321,10.516612824713803,11.469867533398071,5.774010608964081,41.05891650265349,102.375070479557,45.72414209341603,3
20.367182866995662,35.579125713522714,21.306135512395148,30.483700893267336,8.846693449468598,12.655663426346331,29.439727186191053,3.5629206116939844,14.54966708878718,33.94507584541274,5.839283659639253,21.20183279789736,38.66546695427412,124.1820018217503,24.52212493389973,3
25.32793299898141,36.40207707426603,70.15869540078812,7.3203762056268,2.394800431437567,5.89753497083365,3.5820808201649914,5.496244554122858,3.750298988019006,6.951661521183219,3.571986590365943,5.691728516667376,31.40173206518292,141.17887327284063,9.327663108018704,3
40.82616638947267,35.05665009732123,51.82799526320524,2.969766749757412,1.2963040906282968,3.52190749160299,1.8424662403231584,4.444816949907993,0.6789453465970446,6.203602634089533,7.536621621210608,5.628531313897229,20.6511778957652,146.24468511849167,11.641843942799692,3
36.46521901815585,86.70067793519299,25.027755813183063,4.788715238915351,4.023434392610185,5.723221694276675,4.994997756700445,11.374794982101712,13.820013418549442,15.65407365984848,7.623624324378997,16.650752633276355,30.65409101772041,140.30319404486568,18.80496096955829,3
37.64607856496051,60.402761552570176,55.08105339250668,4.724692643313434,6.959674547246794,5.019142430121175,3.3599506079376185,7.528002045540473,2.8711753273222835,8.59938727420474,9.317387924885432,5.095244613905551,72.60623586422572,97.75360254642376,4.125289754241242,3
16.72816394419378,25.96040976473412,20.976820521702223,6.596175452314432,5.785580858420275,1.7976185871453556,4.865352203976712,2.640226637236062,4.507092488385184,4.295520174575493,4.952014419366412,4.495820084106686,16.176491428953273,9.863155462874246,2.5004140742305565,4
30.906859258382763,36.07073467832242,80.43365315826262,12.507286176934292,4.946930843594937,5.771950330776686,3.4580393286279345,4.376399118513026,4.937875002926227,3.006324711311608,5.402741139107581,5.129375880397331,5.359112475281954,5.895232383435678,6.229591335557433,4
28.97453208729669,38.20668447415285,96.37755468819222,14.645705018573189,6.834813261896878,5.511905470641736,3.2516013033920563,5.573636180071497,5.932952382727718,3.603916950705939,5.5082973289751775,5.929459103742792,4.326069958792621,7.82618677148208,6.326977229636326,4
40.88448147554976,45.30471977271162,72.04488228696584,4.929798923079932,4.762612071266395,3.3671958653141054,4.272090833213432,5.376940177470254,1.6679499383737149,5.020157879875056,9.086479817056574,2.4905946383569524,5.915827909029996,1.941691754831196,2.736362727917528,4
32.372472277367415,53.50434324640984,76.68720219346552,9.26170732065522,5.02108224932501,2.9550373785485853,4.286289564292142,5.53620212657693,1.6451654970058005,4.076782951085961,7.27588212758674,2.365757193939557,2.816910860132764,1.541300751380471,1.5192085031795677,4
31.130070236355586,49.06218681105402,73.71405487502064,8.764496381346568,5.196629695897575,4.613085266327283,3.4830811523535266,6.3363400339587415,2.359037090651797,3.241629590468935,7.822722905852227,3.088930362416854,3.068846364281069,4.802764457528713,2.8709569972486166,4
34.48439411855882,48.83651666143438,59.64111703929917,9.539444157687178,5.299728405879837,4.75256362421066,4.025947104654219,6.37320104917157,1.5482594093865487,3.685484907905193,8.742695718011053,2.4850559241613053,3.763946167164858,6.141282355691737,2.872912740262939,4
36.469705617934096,49.79469061375044,61.62295135822765,11.241658818484494,6.004226635445697,3.6634221379473417,3.374369592194203,6.198721764185701,1.7223869743977862,2.288429600671738,7.478207207799724,2.695456863712529,3.6468190019168953,3.995917184785495,2.823372885270261,4
30.56104537538992,49.91145160691668,70.8364502726188,10.259678112356584,4.759489860263715,4.196485564006455,3.231618724536024,5.745725599820396,2.716595097468469,2.3365579821817746,7.296614397056136,2.4668544858797814,3.063835529533234,5.2615098267474245,2.844506666107484,4
30.180309818035106,47.10720216102461,80.68330146161045,11.09892366561228,4.415055777313163,4.824797524093809,3.6626787258533824,5.526707835870487,4.274557218738886,2.794128533239192,7.625221104103672,3.919468689394965,5.118646735415508,8.007050724843165,3.971176785320227,4
34.983573703819204,50.58915328154604,70.64971688536669,6.727314390352232,4.380948524920754,3.327112020714313,4.148332461678912,5.404785523151652,2.2897009696364377,2.506942791678206,8.170020995137348,3.449398153495068,6.514960140239297,5.935438246872758,3.716669840569224,4
40.2054664371807,46.67169352915797,60.871688876952966,7.292937716322408,5.397647388159998,3.25944176773008,3.528654204532641,6.243079863618732,2.192968622887105,2.8750190774638025,8.285540590866106,3.5173618390116346,6.516458309462298,3.0574153466961085,3.329274047647196,4
30.05515587910384,45.88101715282829,82.74887261109784,14.720133422726189,5.771962124058307,5.837887776488556,5.371851130329188,4.868147688482071,5.29563166408983,4.095948601561713,7.068613248839596,3.73408761907668,6.403007842668785,9.467408181389851,3.657583422174895,4
33.65730894282056,24.59181658553768,54.55219590418525,16.090471860930677,11.822311510619052,2.318829213977183,4.719750760744992,5.350971130208929,2.998813721793134,4.549799734196937,6.025527794352996,2.7771797617689664,5.600887201474484,14.450705254965625,6.794271494541692,4
36.63097037715004,46.4565182126281,76.93059745715493,11.976905356062774,3.530478005792552,6.059487449356519,5.956095517894072,4.951851763415986,5.85632722737478,3.863377753206688,8.43404212112286,4.479239557903901,8.791216495434515,7.13770603370669,3.5736147722598512,4
41.52647398352075,47.14655102794574,65.25585125834448,4.862056741798591,3.2534292293451346,2.799638083446572,3.506999286434185,4.472234918271507,2.6171447617980768,3.75007909417606,9.202784175323444,3.885548078308277,10.406398926842227,5.461619060272038,4.3217464748731365,4
40.58554053772534,45.968645693596535,68.83827717449357,1.6697165998402466,5.523621890286974,1.0565615232557006,0.8020808750786913,4.107784427045905,1.6160466726222782,4.150016452853252,8.752015002399405,4.337305158731878,10.316393873644678,6.542630671709999,5.100576129303969,4
49.90061489413655,42.61471936027113,63.3990130054145,0.8078919985318712,3.742355613808192,2.808679164305718,1.413318637980734,2.235446428370411,4.191573178935073,5.617151276511344,8.38254257261956,5.4847940142545895,7.334482615317617,4.160966433154976,5.257627528273679,4
38.623354754868885,43.32671870364285,87.93052802966757,8.435680629833964,2.988343437159993,6.291641671166375,1.954850623739952,4.297441177990443,6.400253528008596,6.443776674559163,7.571298849249867,5.94107747196832,9.910233555412436,8.333525726042822,4.782179331735184,4
27.24910582746536,41.2774957675728,91.07934529456143,12.249237602842523,3.321594796117496,5.481316637468215,3.587623652934986,4.078693467992258,6.481909644419524,6.73441805399045,6.875965329540262,4.97787591381426,6.7666560455260125,7.015543659625126,5.264292052149722,4
33.63346537122821,10.27054131371579,1.041966454237508,8.198463809283858,4.923643203045531,1.503563148884674,5.508063446496156,4.912057274937631,1.22415072569804,6.364894958677702,4.410363799248248,2.532221663984033,8.452663421540672,1.363591338265512,3.6258599689013833,5
26.466926254878626,3.3834571276774383,3.0657972606008124,11.99841127685678,7.550095430858901,1.5904716411780084,6.450553370775284,5.686250442654912,0.9433062396856792,5.380267368297981,3.978115782443325,2.2970743236162385,4.660452372663476,3.2936785283379884,2.365664351258624,5
36.43675387447002,10.642398544256272,2.8577307425154874,6.545606046219174,4.362184075258494,1.3106322829080987,4.1811091576714015,4.480384796850227,0.6950995553417143,6.241792733678987,4.1901210176777,1.8316879094590528,8.025677212347068,1.625458886850777,3.09053835837837,5
41.7400493182685,12.262487705349622,1.5181988393420631,3.696150072811271,4.51578800280705,1.4817947000735685,2.386726221832698,5.776300537567235,1.8005685417674733,6.258348401768727,6.509781966254765,3.5983782741499586,6.050636487917945,4.261260603604646,3.760691077216432,5
43.15531922988924,21.21331299801032,9.692860743092645,4.97323364500059,5.13774089310261,1.3551605929335282,2.83794214189508,7.058579638844147,3.139084676558676,4.705941357542543,9.179635710223764,3.175151161538472,8.207855144896554,2.397985855180494,1.1717926264934837,5
37.65137297736732,16.75651297472864,3.302607889079601,5.820131207130512,3.569158942733584,1.6831065662626623,4.898342239111972,4.101839151838416,0.7104017977564232,6.851143369050517,4.100391726162834,1.2949888195777577,8.356542579782637,1.4957788088659467,2.0530809061193507,5
33.41752215485872,10.052996153112469,7.78091053227048,3.3880239851884446,4.043740191866752,2.052137376737639,0.1399257400872122,4.235711843370137,0.9498213429035918,4.6159214988862285,3.326100330437914,1.6960752951990807,6.801217318792887,3.896828267668839,0.4880372351444329,5
33.82247388853686,7.1616377594197695,5.955708735480078,7.93394013377546,3.4206840634802065,1.682483409956806,4.647812158089821,2.850864174513623,1.6639162946200514,5.555432908665727,2.694448532730691,1.9962042460273297,7.227249295714525,2.806077027390088,2.950052707501254,5
30.755795413869663,6.496384076813506,5.800614233397372,8.613551622827414,3.2781022533689628,2.6458277310090943,5.246246620854948,3.09196135843077,2.45929746565992,6.24747864838072,3.115134853046192,2.8328696226751333,7.972567946054595,2.480189771908923,4.172693769620103,5
20.71691426719569,10.943652580576188,7.7537200873329075,20.12560506124493,7.967946934202911,4.872551000820615,16.65516128069994,7.148978726918016,3.1160195185424024,17.13403873074418,4.292381439912842,6.010452721164506,17.000161414911982,4.935772412082962,7.139803526672405,5
28.37022754531008,10.545348384767344,6.337587006516411,19.93650129507213,4.367798895427003,4.139006192798013,9.2370958214515,3.594153699161614,5.337051315676852,10.447640579471004,1.9589014666922333,4.918826060629262,10.921133658611966,4.992292715564036,5.49328747444014,5
15.70259535809701,9.503077110818266,17.105448709148565,7.50720944921689,5.804614270391045,2.99275921482777,2.7251499346890955,5.617492458962638,3.7411058520658673,16.704323513453424,5.575237835294928,7.924855580503602,24.7862194451946,6.721095416291848,9.498521363831683,5
24.245307803592368,4.3723800703928415,28.325618042533872,17.06443498839647,9.06542658944909,10.88103090295078,5.353785178397168,8.980506202653888,9.849892636997506,17.375678494003516,7.936228625252947,9.853428980281125,31.10001083662082,8.505804480851213,8.988834694894203,5
29.662409287190783,3.96022671805496,38.51182502968146,23.139361966967503,10.357962514155265,11.973449400935651,13.275487363116222,9.143043600606848,12.747111504347114,11.696915709411618,6.711857586309261,11.680841759672802,21.787296195867,14.244730734973908,10.620434405667302,5
25.14866556405404,11.735257030148215,3.4314197486736626,20.604995623333924,7.122584015827756,4.982986043772332,13.08655485225968,7.095310159602437,3.456164714602467,15.997011113960436,9.844702047967903,7.172455059287744,13.86768263398463,16.220628795170075,15.278256739622885,5
30.85732015375073,10.968709692040262,5.528834123090799,6.584276149042962,3.937466474725302,1.0023142081948688,5.852408262620329,4.984781389460517,1.1347046448143288,7.211994830990967,4.85892771859733,3.264552001006482,11.265225358046385,5.151491941145067,5.962023976303188,5
26.06766654312372,2.786693686448927,4.360225975934556,13.884319650157446,9.858643769349616,3.110683457887073,7.776916557453473,7.301658094878158,2.260098595776313,5.254403743155792,6.147475556284975,2.1334674224222083,4.1639542090856265,11.302392268306937,5.843898861117608,5
34.770592134798726,14.181088667748512,3.124602701735341,5.551930946467928,3.782771148389089,1.6854821359065426,4.441873575327223,4.389391433344847,1.33505974260984,5.953546845394554,4.399009000608652,2.406864464267716,9.913564732124655,3.211251755435672,4.0163764988362445,5
43.16528036904506,18.859550492408207,0.846619616127792,7.943351938420034,5.169004796399882,1.9046575015729568,5.457758097042037,5.568770290502158,1.3017074975187102,6.0390520998470185,5.043600861186949,2.176767163818704,8.934352148674318,2.908163444920376,3.713475256744864,5
40.91551126580818,21.106709054580527,2.459493876811367,7.960075736733768,4.9403560181338,1.9801825980488188,5.696256919209435,5.292671831924346,1.3597245438244558,6.456228529926306,3.838607501560596,2.655215674736396,8.988425713859264,2.9364600328655333,4.191487803872239,5
39.59422163285362,49.04826036915927,58.63415729522377,21.85726492607113,150.04606183124213,34.19102487918274,26.477620222223155,149.4272255214542,72.10139267442334,34.73769111528306,149.00514464000912,63.46738521500196,43.32802856158634,145.97335179645813,43.93134784409187,0
51.68087369612816,48.49329766535459,59.886577334642,22.445820320681012,156.754354757548,12.543686642274212,19.69895911891267,156.68090948175816,50.24168711036268,26.493281054407475,156.28605672681286,46.4512822005755,33.83620956103859,153.75406345845278,37.16737522374676,0
50.96686724103616,47.51581630434531,59.703519081727976,21.53139680715535,156.9697558076445,13.415432659892236,20.460018899814106,155.93673443203937,55.27173080064237,27.744535407758,155.25663370056267,49.1226030175914,35.53861925956835,152.61873000240544,38.67095837456399,0
40.25828476002621,43.52870754471432,56.08488126018409,21.81117028948735,148.71906414924806,38.384773469862026,31.097717554469927,144.7277086787454,69.0872850961896,40.05202351421781,143.8214739884299,63.75155211109727,48.74427549689334,141.3802039562591,47.64706048311878,0
43.254316329780266,44.9209954713372,56.88116464860257,18.27069284181602,151.55618187727103,36.88990398627169,28.902826065177265,145.83300137617832,69.25495456146666,37.64410479319361,145.0601973155893,62.66454084624818,46.06358491462593,142.9571427286553,44.25632978828594,0
42.51016931130982,45.62770846704147,59.69944460095641,18.071186074673605,153.5500185499013,25.55870397390544,24.60773996796404,149.86520667547916,60.39901248722273,33.065610090090665,149.4851233491128,57.10371059582605,42.22718286098201,146.37515361315124,41.90979615756446,0
57.2742926211447,44.9973907736531,62.92094231659659,25.422044976907003,158.13876468562498,3.3812237604192688,20.958632576490444,157.8899566403897,29.559054539269177,23.850314702236226,159.70583477655063,30.36905723934609,27.065895766570968,159.8000487591773,23.76096865800528,0
16.234260339382466,33.56197293767277,77.96633992928429,85.4705467940051,90.75352247501766,31.59926606837157,96.83759699647462,82.00815228871218,34.53918262897291,91.87820123958896,86.1854615277376,40.266239599788754,75.48467998106264,95.86282067246346,37.969337179723205,0
16.555197656687792,26.706155966855896,65.1525509705846,50.135944087157725,114.35115084396884,28.075411478892253,50.73196728453421,112.5562506206208,20.94477896833751,41.02961439003133,118.2536945903332,22.412934113537037,39.11751433263821,124.177207229072,12.709997472539063,0
24.3770933111656,23.30102387534674,57.779815209527605,39.62771131354395,136.07503662406245,37.00163463657499,44.638857757973554,135.3700260776751,44.69924430969503,50.05039994974494,137.04647210067614,50.20803230148046,54.68191513229839,135.67207618675866,40.856423226498045,0
44.60682345884025,45.95672439617356,59.38193721508176,23.04898839747525,158.18952755377254,8.779586333753626,20.807720790313144,156.13992616656978,30.06948706205093,23.829445552364803,159.5948016930149,30.37328183755836,29.232043836170924,157.3644134186136,24.142632798597504,0
28.97971224860298,102.760949700989,39.06585765769599,42.761332814934505,132.64712911912667,14.834331347732098,38.9526812203949,136.26991417438782,59.59321242358354,43.06971596069099,141.4143044327801,53.252547032101305,61.09741929199198,126.63893772652442,45.24959214384607,0
20.78263004086272,105.09779247653758,48.407735332288986,23.096772312611648,140.95072774727512,30.139814233463767,32.10183381981856,137.85135710405288,51.76150650314056,49.70012793179525,128.8606525494462,61.725531577742,74.74542896957281,114.56300564911596,61.005008509401954,0
26.15181758865284,96.49871216445604,48.26483515412776,49.04639175931179,138.90917621982857,20.201109866043087,42.3628279725312,146.33901933098446,30.19182690158908,38.641384430101,153.38992050347605,34.56074312522934,36.51593353514088,158.5819593765174,20.43149348810512,0
21.80604701561928,57.697022640792575,55.77327374509268,110.6122452869967,63.61303648396094,70.23527820395988,107.432596226575,68.17622887452534,75.72810253596676,88.19702942727316,82.22638872949061,67.59787715981449,53.955673798214,101.18488480446028,51.883046809455614,0
17.330099009078264,33.5085049111656,78.9292911740245,23.59343299391964,134.1444224270313,9.622791083931345,32.1210014024236,120.06928697513432,24.18887851461128,57.96742975153055,110.02155453498902,28.737207310221024,73.53694167715564,110.68452954647228,23.25853935433592,0
27.577551092201283,29.754393156758304,92.9383736376349,91.2205605383058,63.3908422185613,19.729719391046345,97.887407428386,60.13821478953078,27.255606093275382,98.7460263009217,61.38671751414063,33.00251506706065,92.8974893202836,68.60065641201292,26.370450613929787,0
19.348782091563724,12.43503678803282,43.09083629637606,61.933577940592855,120.2657028509529,56.519200858425904,64.30574644519716,121.90859891207656,52.63364151577111,60.780645390758345,127.96274577303384,51.13913213520805,60.258473466705496,130.56754158229506,39.21588212974584,0
46.39559371693006,49.06245084953445,43.67076226693554,17.694862589081975,154.50359448915356,19.486810962932587,22.22367397420607,149.27529650999412,54.915879980168704,29.81951249061057,151.41895376960844,46.676481560733954,38.9470416375625,146.52377897532318,36.30902377693889,0
46.42620846740135,67.30374283500608,45.46853109455812,27.089992789400377,148.32169576547284,13.846333015337686,24.1334191673756,150.05658319886507,73.37949776172708,30.65729041106629,152.04107241158212,51.617365848744775,41.62352588553659,145.2180499085622,40.79390645089993,0
